{"cameraMode":{"drawMode":0,"name":"Shaded","section":"Shading Mode"},"sceneLighting":false,"audioPlay":false,"sceneViewState":{"showFog":true,"showMaterialUpdate":false,"showSkybox":true,"showFlares":true,"showImageEffects":true,"showParticleSystems":true},"in2DMode":false,"pivot":{"x":-2.157536029815674,"y":-1.317808747291565,"z":-0.10311082005500794},"rotation":{"x":0.6157335042953491,"y":-0.0035518654622137548,"z":0.0027703011874109508,"w":0.7879670262336731},"size":27.3040771484375,"orthographic":false}