{"cameraMode":{"drawMode":0,"name":"Shaded","section":"Shading Mode"},"sceneLighting":false,"audioPlay":false,"sceneViewState":{"showFog":true,"showMaterialUpdate":false,"showSkybox":true,"showFlares":true,"showImageEffects":true,"showParticleSystems":true},"in2DMode":false,"pivot":{"x":-0.09503459930419922,"y":-3.4336299896240236,"z":0.046408653259277347},"rotation":{"x":0.3562104105949402,"y":-0.3079240918159485,"z":0.12560008466243745,"w":0.8732468485832214},"size":28.455781936645509,"orthographic":false}